id,Consent_000_RAW,Consent_001_RAW,DEMOGR_01_RAW,DEMOGR_02_RAW,DEMOGR_03_RAW,DEMOGR_05_RAW,DEMOGR_06_RAW,DEMOGR_07_RAW,DEMOGR_08_RAW,DEMOGR_10_RAW,DEMOGR_11_RAW,DEMOGR_12_RAW,DEMOGR_13_RAW,DEMOGR_14_RAW,DEMOGR_15_RAW,DEMOGR_16_RAW,DEMOGR_17_RAW,DEMOGR_18_RAW,DEMOGR_19_RAW,Goodbye_001_RAW,SBS_01_RAW,SBS_02_RAW,SBS_03_RAW,SBS_04_RAW,SBS_05_RAW,SBS_06_RAW,SBS_07_RAW,SBS_08_RAW,SBS_09_RAW,SBS_10_RAW
1,"",acepto participar,19,No binario,snJTnjLf@gmail.com,No,Perquenco,Postgrado completa,Artes,Quinto,Universidad Miguel de Cervantes,Magíster o Doctorado incompleta,Media completa,FONASA B,No,No,No se,81,Madre; Hermanas; Amigas cercanas,t3efhw9ny50by8yr8bey,-2,-2,3,2,4,0,-2,3,-1,-4
10,"",acepto participar,36,Masculino,YwU5TbzyLY@gmail.com,Si,Peumo,Básica completa,Ciencias de la salud,Segundo,Universidad Bolivariana,Básica completa,Básica completa,FONASA B,No,Si,Si,76,Madre; Amigas cercanas,vx6jyxsr62sf7ss8wfah,-2,-1,-3,2,-2,1,-3,1,-1,2
11,"",acepto participar,22,Femenino,nGl1xR5MHb@gmail.com,Si,Antofagasta,Media completa,Ciencias / Ingeniería,Quinto,Universidad Católica de la Sma. Concepción (UCSC),Media incompleta,Básica incompleta,FONASA A,No,Si,No,43,Madre,o8qt6recloq6qj4bcaf4,0,-2,3,-1,-4,4,2,-4,-2,-1
12,"",acepto participar,36,No binario,64KlHSg@gmail.com,Si,Ranquil,Postgrado completa,Artes,Segundo,Universidad de Atacama (UDA),Universidad incompleta,Media incompleta,Isapre,Si,Si,No,58,Madre; Hermanas; Amigas cercanas,y6phslb64ar7fozcno5y,-2,3,-1,-4,4,2,-4,-2,-1,-4
13,"",acepto participar,50,Masculino,9NkkV@gmail.com,Si,General Lagos,Postgrado completa,Otro,Primero,Universidad Católica Cardenal Silva Henríquez (UCSH),Básica incompleta,Básica incompleta,FONASA B,Si,No,No se,66,Madre; Hermanas; Amigas cercanas,kuyjz0u7vmtxougro9jg,-2,3,-1,-4,4,2,-4,-2,-1,-4
14,"",acepto participar,36,No binario,64KlHSg@gmail.com,Si,Ranquil,Postgrado completa,Artes,Segundo,Universidad de Atacama (UDA),Universidad incompleta,Media incompleta,Isapre,Si,Si,No,58,Madre; Hermanas; Amigas cercanas,fhr5078dpv2mm4v7971m,-3,2,-2,1,-3,1,-1,2,0,1
15,"",acepto participar,25,Femenino,7CSCaN85@gmail.com,Si,Río Claro,Sin educación formal,Humanidades y Ciencias Sociales,Tercero,Universidad Miguel de Cervantes,Básica incompleta,Básica completa,FONASA D,No,No,Si,66,Amigas cercanas,29sttbgu9llkmzb5mbs6,3,-1,-4,4,2,-4,-2,-1,-4,-4
16,"",acepto participar,20,No binario,Z8qxtWo@gmail.com,No,Putaendo,Universidad completa,Ciencias / Ingeniería,Cuarto,Universidad Católica del Maule (UCM),Media incompleta,Sin educación formal,Isapre,Si,No,No se,34,Madre; Hermanas; Amigas cercanas,cazj32vt7ze06k4klpqs,2,-2,1,-3,1,-1,2,0,1,-2
17,"",acepto participar,27,Masculino,HpdWj8ehS@gmail.com,Si,Collipulli,Postgrado incompleta,Ciencias de la salud,Primero,Universidad de Aconcagua,Básica completa,Magíster o Doctorado completa,FONASA A,No,No,No se,57,Madre; Hermanas,c85kwlrf88b8y4vgn6yd,-1,-4,4,2,-4,-2,-1,-4,-4,2
18,"",acepto participar,28,Femenino,hJXgVBsO@gmail.com,Si,Calbuco,Básica completa,Negocios / Comercio,Segundo,Universidad Miguel de Cervantes,Sin educación formal,Universidad completa,FONASA A,No,Si,No se,62,Madre; Hermanas; Amigas cercanas,tyfcytjns6t8pr7rgumm,-2,1,-3,1,-1,2,0,1,-2,-3
19,"",acepto participar,31,Femenino,VZ18R37@gmail.com,No,Cochamó,Media incompleta,Humanidades y Ciencias Sociales,Primero,Universidad Marítima de Chile,Magíster o Doctorado completa,Básica incompleta,Otros,No,Si,Si,78,Amigas cercanas,rnvc5sgko3ujzvyl42go,-4,4,2,-4,-2,-1,-4,-4,2,3
2,"",acepto participar,26,Femenino,sKDO40@gmail.com,No,Isla de Pascua,Universidad incompleta,Otro,Primero,Universidad de Arte y Cs. Sociales (UARCIS),Básica completa,Universidad incompleta,FONASA B,Si,Si,No se,30,Madre; Amigas cercanas,6ugydhbhrkshqyg76ggf,2,0,-2,-4,-2,-1,-3,2,-2,1
20,"",acepto participar,39,Masculino,ENLIEYB@gmail.com,Si,San Rafael,Básica completa,Ciencias / Ingeniería,Primero,Universidad Santo Tomás,Universidad completa,Centro de Formación Técnica o en Instituto Profesional completa,FONASA A,Si,Si,No se,52,Madre; Hermanas; Amigas cercanas,pux48tffu4nbvpl5se3o,1,-3,1,-1,2,0,1,-2,-3,-4
21,"",acepto participar,35,No binario,aLEetaswG6@gmail.com,No,Caldera,Básica incompleta,Humanidades y Ciencias Sociales,Segundo,"Universidad de Artes, Cs. y Comunicación (UNIACC)",Básica incompleta,Centro de Formación Técnica o en Instituto Profesional incompleta,FONASA B,Si,Si,No,65,Hermanas; Amigas cercanas,gtb9lr9u7se7a51edklo,4,2,-4,-2,-1,-4,-4,2,3,0
22,"",acepto participar,33,No binario,loZgO@gmail.com,Si,Laguna Blanca,Universidad incompleta,Humanidades y Ciencias Sociales,Iniciada,Universidad de Los Andes (UANDES),Centro de Formación Técnica o en Instituto Profesional completa,Postgrado incompleta,FONASA B,Si,Si,No se,27,Madre,z82hrra9gdfrhw48pxn3,-3,1,-1,2,0,1,-2,-3,-4,-1
23,"",acepto participar,22,Masculino,0NF7y2@gmail.com,Si,La Ligua,Básica incompleta,Ciencias / Ingeniería,Cuarto,Universidad Autónoma de Chile (UAS),Centro de Formación Técnica o en Instituto Profesional incompleta,Media incompleta,FONASA D,Si,No,Si,49,Madre,g4udc6m7nmvu029d6laf,2,-4,-2,-1,-4,-4,2,3,0,-2
24,"",acepto participar,21,Femenino,Gb2IG6WpF@gmail.com,Si,Chañaral,Media incompleta,Artes,Iniciada,Universidad La República (ULARE),Postgrado incompleta,Universidad incompleta,FONASA C,Si,No,No se,15,Madre,836ysy11u18r6f620pkt,1,-1,2,0,1,-2,-3,-4,-1,-4
25,"",acepto participar,24,Masculino,ClV2he2@gmail.com,No,Máfil,Básica completa,Negocios / Comercio,Primero,Universidad Central de Chile (UCENTRAL),Media incompleta,Centro de Formación Técnica o en Instituto Profesional completa,FONASA D,No,Si,No,61,Hermanas; Amigas cercanas,fp199dz8pjxxy9h229w1,-4,-2,-1,-4,-4,2,3,0,-2,-2
26,"",acepto participar,29,Femenino,IzDpkPy@gmail.com,No,Chile Chico,Sin educación formal,Artes,Primero,Universidad Miguel de Cervantes,Universidad incompleta,Media incompleta,FONASA B,No,Si,Si,60,Madre; Hermanas; Amigas cercanas,0gtt2t854kbta2g7hbta,-1,2,0,1,-2,-3,-4,-1,-4,-4
27,"",acepto participar,19,No binario,L1uTp3@gmail.com,Si,Curepto,Magíster o Doctorado completa,Humanidades y Ciencias Sociales,Quinto,Universidad Chileno - Británica de Cultura,Centro de Formación Técnica o en Instituto Profesional completa,Media completa,Otros,Si,No,Si,66,Madre; Hermanas; Amigas cercanas,9e600l4ygprxtt2ht5fe,-2,-1,-4,-4,2,3,0,-2,-2,1
28,"",acepto participar,20,No binario,bje4KDe@gmail.com,No,Quillota,Universidad completa,Humanidades y Ciencias Sociales,Primero,Universidad Marítima de Chile,Media incompleta,Postgrado completa,FONASA C,Si,No,Si,48,Madre,a0v628mjjcecalaeklcq,2,0,1,-2,-3,-4,-1,-4,-4,-2
29,"",acepto participar,18,Masculino,Mewgsu9xUV@gmail.com,No,Arauco,Básica incompleta,Otro,Segundo,Universidad Autónoma de Chile (UAS),Media completa,Centro de Formación Técnica o en Instituto Profesional incompleta,FONASA D,No,Si,No,52,Madre; Hermanas; Amigas cercanas,uvrp4vkmdvyz7vnmv5f8,-1,-4,-4,2,3,0,-2,-2,1,-2
3,"",acepto participar,20,No binario,s5k2r@gmail.com,Si,La Reina,Sin educación formal,Otro,Iniciada,Academia Politécnica Militar,Media completa,Postgrado completa,Otros,No,Si,No,57,Madre; Hermanas; Amigas cercanas,vc8foy5jl0ubwtg6au6d,-2,3,2,4,0,-2,3,-1,-4,4
30,"",acepto participar,42,No binario,2nY48I@gmail.com,Si,Osorno,Centro de Formación Técnica o en Instituto Profesional completa,Humanidades y Ciencias Sociales,Segundo,Universidad Católica de Temuco (UCT),Postgrado completa,Magíster o Doctorado incompleta,Isapre,No,Si,No se,72,Madre; Hermanas,pzwfqv05gld96dh9w1c1,0,1,-2,-3,-4,-1,-4,-4,-2,-4
4,"",acepto participar,25,Masculino,6Ka5pr7E@gmail.com,Si,La Ligua,Centro de Formación Técnica o en Instituto Profesional incompleta,Humanidades y Ciencias Sociales,Segundo,Universidad Católica del Norte (UCN),Universidad incompleta,Postgrado completa,Isapre,Si,Si,No se,37,Amigas cercanas,nwn3wkt1fcl76dosavnt,0,-2,-4,-2,-1,-3,2,-2,1,-3
5,"",acepto participar,28,Femenino,MQI9tDx84@gmail.com,No,Independencia,Básica completa,Artes,Quinto,Universidad La República (ULARE),Postgrado completa,Sin educación formal,FONASA A,Si,No,No se,60,Hermanas,1e1hd4j5u6jpx6g1dopc,3,2,4,0,-2,3,-1,-4,4,2
6,"",acepto participar,18,Femenino,QQwSp@gmail.com,No,Calbuco,Universidad incompleta,Ciencias / Ingeniería,Cuarto,Universidad Católica del Maule (UCM),Postgrado completa,Universidad completa,FONASA B,Si,No,No,51,Madre,h68rn3woyktfk3dsyo6n,-2,-4,-2,-1,-3,2,-2,1,-3,1
7,"",acepto participar,32,Femenino,oj9xkqfOeJ@gmail.com,Si,Parral,Sin educación formal,Otro,Cuarto,Universidad La República (ULARE),Sin educación formal,Postgrado incompleta,FONASA C,No,Si,No se,32,Madre; Hermanas,mbgutkbaooz2mc9rqhpo,2,4,0,-2,3,-1,-4,4,2,-4
8,"",acepto participar,31,Femenino,uqWRL07gGD@gmail.com,No,Puente Alto,Básica completa,Negocios / Comercio,Tercero,Universidad Metropolitana de Ciencias de la Educación,Universidad completa,Básica completa,FONASA D,No,No,Si,52,Madre; Hermanas; Amigas cercanas,flvl6zq7cao3bqnd6mmk,-4,-2,-1,-3,2,-2,1,-3,1,-1
9,"",acepto participar,20,Masculino,sEEqH@gmail.com,No,Peñaflor,Magíster o Doctorado incompleta,Negocios / Comercio,Segundo,Universidad Diego Portales (UDP),Postgrado incompleta,Media incompleta,FONASA A,Si,No,Si,44,Madre; Hermanas; Amigas cercanas,fkss209mftzsnnven04n,4,0,-2,3,-1,-4,4,2,-4,-2
